Major,Total,Men,Women,Major_category,ShareWomen,Sample_size,Employed,Full_time,Part_time,Full_time_year_round,Unemployed,Unemployment_rate,Median,P25th,P75th,College_jobs,Non_college_jobs,Low_wage_jobs,percent employed
MISCELLANEOUS FINE ARTS,3340,1970,1370,Arts,0.410179641,30,2914,2049,1067,1200,286,0.089375,50000,25000,66000,693,1714,755,0.87245509
COMMERCIAL ART AND GRAPHIC DESIGN,103480,32041,71439,Arts,0.690365288,1186,83483,67448,24387,52243,8947,0.096797577,35000,25000,45000,37389,38119,14839,0.806754928
FILM VIDEO AND PHOTOGRAPHIC ARTS,38761,22357,16404,Arts,0.423208896,331,31433,22457,12818,15740,3718,0.10577224,32000,22000,42000,7368,20721,5862,0.81094399
MUSIC,60633,29909,30724,Arts,0.506720763,419,47662,29010,24943,21425,3918,0.075959674,31000,22300,42000,13752,28786,9286,0.78607359
FINE ARTS,74440,24786,49654,Arts,0.667033853,623,59679,42764,23656,31877,5486,0.084186296,30500,21000,41000,20792,32725,11880,0.801706072
VISUAL AND PERFORMING ARTS,16250,4133,12117,Arts,0.745661538,132,12870,8447,6253,6322,1465,0.102197419,30000,22000,40000,3849,7635,2840,0.792
STUDIO ARTS,16977,4754,12223,Arts,0.719974083,182,13908,10451,5673,7413,1368,0.089552239,29000,19200,38300,3948,8707,3586,0.819226012
DRAMA AND THEATER ARTS,43249,14440,28809,Arts,0.666119448,357,36165,25147,15994,16891,3040,0.07754113,27000,19200,35000,6994,25313,11068,0.836204305
COMPUTER SCIENCE,128319,99743,28576,Computers & Mathematics,0.222695002,1196,102087,91485,18726,70932,6884,0.063172771,53000,39000,70000,68622,25667,5144,0.795571973
MATHEMATICS,72397,39956,32441,Computers & Mathematics,0.448098678,541,58118,46399,18079,33738,2884,0.047277138,45000,33000,60000,34800,14829,4569,0.802768071
COMPUTER AND INFORMATION SYSTEMS,36698,27392,9306,Computers & Mathematics,0.253583302,425,28459,26348,4332,21130,2934,0.093460326,45000,30000,60000,13344,11783,1672,0.775491852
INFORMATION SCIENCES,11913,9005,2908,Computers & Mathematics,0.244103081,158,9881,9105,1468,7378,639,0.060741445,45000,32500,58000,4390,4102,608,0.829430034
STATISTICS AND DECISION SCIENCE,6251,2960,3291,Computers & Mathematics,0.526475764,37,4247,3190,1840,2151,401,0.086273666,45000,26700,60000,2298,1200,343,0.679411294
APPLIED MATHEMATICS,4939,2794,2145,Computers & Mathematics,0.434298441,45,3854,3465,1176,2593,385,0.090823307,45000,34000,63000,2437,803,357,0.780319903
MATHEMATICS AND COMPUTER SCIENCE,609,500,109,Computers & Mathematics,0.178981938,7,559,584,0,391,0,0,42000,30000,78000,452,67,25,0.917898194
COMPUTER PROGRAMMING AND DATA PROCESSING,4168,3046,1122,Computers & Mathematics,0.269193858,43,3257,3204,482,2453,419,0.11398259,41300,20000,46000,2024,1033,263,0.781429942
COMPUTER ADMINISTRATION MANAGEMENT AND SECURITY,8066,6607,1459,Computers & Mathematics,0.180882718,103,6509,6289,1030,4936,721,0.099723375,37500,25000,50000,2354,3244,308,0.806967518
COMPUTER NETWORKING AND TELECOMMUNICATIONS,7613,5291,2322,Computers & Mathematics,0.305004597,97,6144,5495,1447,4369,1100,0.151849807,36400,27000,49000,2593,2941,352,0.807040588
COMMUNICATION TECHNOLOGIES,18035,11431,6604,Computers & Mathematics,0.366176878,208,14779,11981,4690,9085,2006,0.119511469,35000,25000,45000,4545,8794,2495,0.819462157
SCHOOL STUDENT COUNSELING,818,119,699,Education,0.854523227,4,730,595,135,545,88,0.107579462,41000,41000,43000,509,221,0,0.892420538
SPECIAL NEEDS EDUCATION,28739,2682,26057,Education,0.906677337,246,24639,21584,5153,16642,1067,0.041507819,35000,32000,42000,20185,3797,1179,0.85733672
GENERAL EDUCATION,143718,26893,116825,Education,0.812876606,919,118241,98408,29558,73531,7195,0.057359929,34000,26000,41000,82007,31112,11443,0.822729234
SOCIAL SCIENCE OR HISTORY TEACHER EDUCATION,20198,9950,10248,Education,0.507376968,157,17700,14002,5168,8871,1012,0.054082941,34000,23050,42000,10928,5561,1806,0.876324389
MATHEMATICS TEACHER EDUCATION,14237,3872,10365,Education,0.728032591,123,13115,11259,2273,8073,216,0.016202835,34000,30000,40000,10699,1977,786,0.921191262
EDUCATIONAL ADMINISTRATION AND SUPERVISION,804,280,524,Education,0.651741294,5,703,733,0,504,0,0,34000,29000,35000,346,206,111,0.874378109
LANGUAGE AND DRAMA EDUCATION,30471,3741,26730,Education,0.877227528,235,26033,21419,7239,15266,1379,0.050306435,33000,24000,40000,17985,6824,2819,0.85435332
MISCELLANEOUS EDUCATION,10150,3654,6496,Education,0.64,126,8691,7264,2202,5816,547,0.059211951,33000,30000,45000,5284,2438,657,0.856256158
SECONDARY TEACHER EDUCATION,17125,6820,10305,Education,0.601751825,156,15116,12520,3782,9193,833,0.05222898,32500,25000,38000,10304,3967,1385,0.882686131
ART AND MUSIC EDUCATION,34181,10732,23449,Education,0.6860244,338,30007,23018,9209,16537,1206,0.038637747,32100,25000,40000,20821,8260,2767,0.877885375
ELEMENTARY EDUCATION,170862,13029,157833,Education,0.923745479,1629,149339,123177,37965,86540,7297,0.046585715,32000,23400,38000,108085,36972,11502,0.874032845
SCIENCE AND COMPUTER TEACHER EDUCATION,6483,2049,4434,Education,0.683942619,59,5362,4764,1227,3247,266,0.047263682,32000,28000,39000,4214,1106,591,0.827086226
PHYSICAL AND HEALTH EDUCATION TEACHING,28213,15670,12543,Education,0.444582285,259,23794,19420,7230,13651,1920,0.074667496,31000,24000,40000,12777,9328,2042,0.843370078
TEACHER EDUCATION: MULTIPLE LEVELS,14443,2734,11709,Education,0.810704147,142,13076,11734,2214,8457,496,0.03654583,30000,24000,37000,10766,1949,722,0.905352074
EARLY CHILDHOOD EDUCATION,37589,1167,36422,Education,0.968953683,342,32551,27569,7001,20748,1360,0.040104981,28000,21000,35000,23515,7705,2868,0.865971428
LIBRARY SCIENCE,1098,134,964,Education,0.877959927,2,742,593,237,410,87,0.104945718,22000,20000,22000,288,338,192,0.675774135
PETROLEUM ENGINEERING,2339,2057,282,Engineering,0.120564344,36,1976,1849,270,1207,37,0.018380527,110000,95000,125000,1534,364,193,0.844805472
MINING AND MINERAL ENGINEERING,756,679,77,Engineering,0.101851852,7,640,556,170,388,85,0.117241379,75000,55000,90000,350,257,50,0.846560847
METALLURGICAL ENGINEERING,856,725,131,Engineering,0.153037383,3,648,558,133,340,16,0.024096386,73000,50000,105000,456,176,0,0.757009346
NAVAL ARCHITECTURE AND MARINE ENGINEERING,1258,1123,135,Engineering,0.107313196,16,758,1069,150,692,40,0.050125313,70000,43000,80000,529,102,0,0.60254372
CHEMICAL ENGINEERING,32260,21239,11021,Engineering,0.341630502,289,25694,23170,5180,16697,1672,0.061097712,65000,50000,75000,18314,4440,972,0.796466212
NUCLEAR ENGINEERING,2573,2200,373,Engineering,0.144966965,17,1857,2038,264,1449,400,0.177226407,65000,50000,102000,1142,657,244,0.721725612
MECHANICAL ENGINEERING,91227,80320,10907,Engineering,0.119558903,1029,76442,71298,13101,54639,4650,0.057342278,60000,48000,70000,52844,16384,3253,0.837931753
ELECTRICAL ENGINEERING,81527,65511,16016,Engineering,0.196450256,631,61928,55450,12695,41413,3895,0.059173845,60000,45000,72000,45829,10874,3170,0.759601114
COMPUTER ENGINEERING,41542,33258,8284,Engineering,0.199412643,399,32506,30315,5146,23621,2275,0.065409275,60000,45000,75000,23694,5721,980,0.782485196
AEROSPACE ENGINEERING,15058,12953,2105,Engineering,0.139792801,147,11391,11106,2724,8790,794,0.065162085,60000,42000,70000,8184,2425,372,0.756474963
BIOMEDICAL ENGINEERING,14955,8407,6548,Engineering,0.437846874,79,10047,9017,2694,5986,1019,0.09208386,60000,36000,70000,6439,2471,789,0.671815446
MATERIALS SCIENCE,4279,2949,1330,Engineering,0.310820285,22,3307,2751,878,1967,78,0.023042836,60000,39000,65000,2626,391,81,0.772844122
ENGINEERING MECHANICS PHYSICS AND SCIENCE,4321,3526,795,Engineering,0.183985189,30,3608,2999,811,2004,23,0.006334343,58000,25000,74000,2439,947,263,0.8349919
BIOLOGICAL ENGINEERING,8925,6062,2863,Engineering,0.320784314,55,6170,5455,1983,3413,589,0.087143069,57100,40000,76000,3603,1595,524,0.691316527
INDUSTRIAL AND MANUFACTURING ENGINEERING,18968,12453,6515,Engineering,0.343473218,183,15604,14879,2243,11326,699,0.042875544,57000,37900,67000,8306,3235,640,0.822648671
GENERAL ENGINEERING,61152,45683,15469,Engineering,0.252959838,425,44931,41235,7199,33540,2859,0.059824231,56000,36000,69000,26898,11734,3192,0.734742936
ARCHITECTURAL ENGINEERING,2825,1835,990,Engineering,0.350442478,26,2575,2277,343,1848,170,0.061930783,54000,38000,65000,1665,649,137,0.911504425
ELECTRICAL ENGINEERING TECHNOLOGY,11565,8181,3384,Engineering,0.292607004,97,8587,7530,1873,5681,824,0.087557114,52000,35000,60000,5126,2686,696,0.742498919
MATERIALS ENGINEERING AND MATERIALS SCIENCE,2993,2020,973,Engineering,0.325091881,22,2449,1658,1040,1151,70,0.027788805,52000,35000,62000,1911,305,70,0.818242566
CIVIL ENGINEERING,53153,41081,12072,Engineering,0.227117943,565,43041,38302,10080,29196,3270,0.070609574,50000,40000,60000,28526,9356,2899,0.80975674
MISCELLANEOUS ENGINEERING,9133,7398,1735,Engineering,0.189970437,118,7428,6811,1662,5476,597,0.074392523,50000,39000,65000,3445,2426,365,0.813314355
ENVIRONMENTAL ENGINEERING,4047,2662,1385,Engineering,0.342228811,26,2983,2384,930,1951,308,0.093588575,50000,42000,56000,2028,830,260,0.737089202
ENGINEERING TECHNOLOGIES,3600,2695,905,Engineering,0.251388889,39,2799,2257,689,1723,163,0.055030385,50000,43000,60000,1017,1269,142,0.7775
GEOLOGICAL AND GEOPHYSICAL ENGINEERING,720,488,232,Engineering,0.322222222,5,604,524,126,396,49,0.075038285,50000,42800,57000,501,50,49,0.838888889
INDUSTRIAL PRODUCTION TECHNOLOGIES,4631,3477,1154,Engineering,0.24919024,73,4428,3988,597,3242,129,0.028308097,46000,35000,65000,1394,2454,480,0.956164975
ENGINEERING AND INDUSTRIAL MANAGEMENT,2906,2400,506,Engineering,0.174122505,29,2125,1992,462,1358,74,0.03365166,44000,30000,50000,482,844,245,0.731245699
ARCHITECTURE,46420,25463,20957,Engineering,0.451464886,362,34158,29223,10206,20026,4366,0.113331949,40000,31000,50000,16178,13724,4221,0.735846618
MISCELLANEOUS ENGINEERING TECHNOLOGIES,8804,7043,1761,Engineering,0.200022717,125,7502,7001,1240,5825,416,0.05253852,40000,30400,56000,2446,3896,386,0.852112676
MECHANICAL ENGINEERING RELATED TECHNOLOGIES,4790,4419,371,Engineering,0.077453027,71,4186,4175,247,3607,250,0.056357078,40000,27000,52000,1861,2121,406,0.873903967
NURSING,209394,21773,187621,Health,0.896018988,2554,180903,151191,40818,122817,8497,0.044862724,48000,39000,58000,151643,26146,6193,0.863935929
MEDICAL TECHNOLOGIES TECHNICIANS,15914,3916,11998,Health,0.75392736,190,13150,11510,2665,9005,505,0.03698279,45000,36000,50000,5546,7176,1002,0.826316451
MEDICAL ASSISTING SERVICES,11123,803,10320,Health,0.927807246,67,9168,5643,4107,4290,407,0.042506527,42000,30000,65000,2091,6948,1270,0.824238065
PHARMACY PHARMACEUTICAL SCIENCES AND ADMINISTRATION,23551,8697,14854,Health,0.630716318,38,16620,12537,5346,9131,977,0.055520827,40000,20000,90000,11573,4493,1121,0.705702518
MISCELLANEOUS HEALTH MEDICAL PROFESSIONS,13386,1589,11797,Health,0.881293889,81,10076,7514,4145,5868,893,0.08141125,36000,23000,42000,5652,3835,1422,0.752726729
NUTRITION SCIENCES,18909,2563,16346,Health,0.864456079,118,13217,9601,6648,6625,975,0.068700676,35000,26000,45000,6535,5473,2449,0.698979322
HEALTH AND MEDICAL ADMINISTRATIVE SERVICES,18109,4266,13843,Health,0.764426528,184,15419,13534,3299,10982,1518,0.089626262,35000,27000,42000,2589,8592,1391,0.851455078
COMMUNITY AND PUBLIC HEALTH,19735,4103,15632,Health,0.792095262,130,14512,10099,6377,7460,1833,0.112144387,34000,21000,45000,5225,7385,1854,0.735343299
HEALTH AND MEDICAL PREPARATORY PROGRAMS,12740,5521,7219,Health,0.566640502,31,7052,5029,3891,3236,529,0.069779712,33500,23000,40000,3051,3539,1159,0.553532182
TREATMENT THERAPY PROFESSIONS,48491,13487,35004,Health,0.721865913,224,37861,30020,12346,21735,2409,0.059821207,33000,24000,41000,22215,14616,4468,0.780784063
GENERAL MEDICAL AND HEALTH SERVICES,33599,7574,26025,Health,0.774576624,202,24406,18166,11088,12809,2183,0.082101621,32400,25000,45000,9364,12889,3816,0.726390666
COMMUNICATION DISORDERS SCIENCES AND SERVICES,38279,1225,37054,Health,0.967998119,95,29763,19975,13862,14460,1487,0.047584,28000,20000,40000,19957,9404,5125,0.777528149
UNITED STATES HISTORY,3079,1756,1323,Humanities & Liberal Arts,0.429684963,22,2787,2103,839,1274,138,0.047179487,40000,30000,42000,801,1591,302,0.905164014
AREA ETHNIC AND CIVILIZATION STUDIES,31195,8739,22456,Humanities & Liberal Arts,0.719858952,249,24629,18755,9541,13109,1668,0.063429289,35000,24500,44000,8465,11818,3677,0.789517551
HISTORY,141951,78253,63698,Humanities & Liberal Arts,0.448732309,1058,105646,84681,40657,59218,11176,0.095666912,34000,25000,47000,35336,54569,16839,0.744242732
FRENCH GERMAN LATIN AND OTHER COMMON FOREIGN LANGUAGE STUDIES,48246,12835,35411,Humanities & Liberal Arts,0.733967583,342,38315,29340,14569,20056,3132,0.075566386,34000,25000,45000,15051,18193,5267,0.794159101
INTERCULTURAL AND INTERNATIONAL STUDIES,24650,8575,16075,Humanities & Liberal Arts,0.652129817,184,18824,14354,7978,8801,1718,0.083633531,34000,24000,45000,4956,10343,3168,0.763651116
LINGUISTICS AND COMPARATIVE LANGUAGE AND LITERATURE,16601,4416,12185,Humanities & Liberal Arts,0.733991928,88,11165,8462,4831,5821,1302,0.10443571,33000,25000,40000,4122,5695,2085,0.672549846
PHILOSOPHY AND RELIGIOUS STUDIES,54814,31967,22847,Humanities & Liberal Arts,0.416809574,375,40157,31086,16659,21816,4267,0.096051684,32200,23000,47100,14444,20313,8051,0.732604809
ENGLISH LANGUAGE AND LITERATURE,194673,58227,136446,Humanities & Liberal Arts,0.70089843,1436,149180,114386,57825,81180,14345,0.08772359,32000,23000,41000,57690,71827,26503,0.766310685
LIBERAL ARTS,71369,22339,49030,Humanities & Liberal Arts,0.686992952,569,54844,43401,19187,33438,4657,0.078267592,32000,25000,42000,18565,28558,9030,0.768456893
ART HISTORY AND CRITICISM,21030,3240,17790,Humanities & Liberal Arts,0.845934379,204,17579,13262,6140,9965,1128,0.060298284,31000,23000,40000,5139,9738,3426,0.835901094
HUMANITIES,6652,2013,4639,Humanities & Liberal Arts,0.697384245,49,5052,3565,2225,2661,372,0.068584071,30000,20000,49000,1168,3354,1141,0.759470836
THEOLOGY AND RELIGIOUS VOCATIONS,30207,18616,11591,Humanities & Liberal Arts,0.383719006,310,24202,18079,8767,13944,1617,0.062628297,29000,22000,38000,9927,12037,3304,0.801205019
ANTHROPOLOGY AND ARCHEOLOGY,38844,11376,27468,Humanities & Liberal Arts,0.707136237,247,29633,20147,14515,13232,3395,0.102791571,28000,20000,38000,9805,16693,6866,0.762872001
OTHER FOREIGN LANGUAGES,11204,3472,7732,Humanities & Liberal Arts,0.690110675,56,7052,5197,3685,3214,846,0.107115726,27500,22900,38000,2326,3703,1115,0.629418065
COMPOSITION AND RHETORIC,18953,7022,11931,Humanities & Liberal Arts,0.629504564,151,15053,10121,6612,7832,1340,0.081742207,27000,20000,35000,4855,8100,3466,0.794227827
